8.284937218839175e-05,0.00018413503278488541
3.3044011128393374,-0.00019201818856347507
1.9158287260290028,0.021473619088832843
1355.3044089704126,0.008304602060773103
4024.4991664160093,-20604.691897777986
-2249.698951516204,70.10070728477132
0.07741052161360813,0.07988845389739704
18.30077051831271,6.587695000099021
143.53945136017177,-16.901351259389784
-1.5319720721181906,-0.003444835804288613
1958.43128918601,258.30930072298804
-0.02861667273068071,0.003364129477201658
238.6818553162058,4383.318239655844
10561.973917052881,-0.5258536546863877
-0.3597289836209787,0.004456960494222306
1833.8987644192403,-25939.24680842054
-0.180056231855413,0.4671980128755293
-8354.314626253406,634.9564439319761
24338.923579200222,-1.4638440170890832
-28.965258623149943,-274.0706376943959
-3.8953127076722764,0.4295114068700999
0.014183854799672168,-2130.3371788896966
-0.0022316949793425387,-0.2003542904544254
-604.7673343045003,8821.413364688557
-90.29481522984464,37.73053800252743
3230.239388917622,338.76940487658425
199.34807631004344,-0.00505990910925533
1.6640598103662905,-20.980934623553335
-0.00043831072123736174,3.286458791241029
-0.02081293879074558,-0.0006857746451024522
1.4255895437266224,1.9273693176638453
0.4761373798451307,-5.744422869625971
160.00743225125763,1166.8447831862982
42.3335681237171,-0.1151429088637285
-162.89258314980495,0.000116723792987834
0.00011128852334833331,0.0006694365590271824
-18.33226342699503,-0.0916615054754719
-0.02614640480827035,0.32928509526281097
183.92503192625338,0.018834569558140373
-0.11425069779397867,-8840.672865789118
0.009230169454850168,-0.1846543444868281
-0.002683875223153464,27394.69750821202
10059.021435137838,3841.1950137133917
-0.015413824027202917,0.00034324720057474125
0.008931610944773356,-18353.514309270435
-0.7246295308797959,-0.0008490268384837984
-203.38915437189328,-0.2761192927623388
-146.61765250253808,-0.0004830836878881645
-0.00279419590926751,-0.0004533067285502826
-39.66731855390409,0.000715415587247446
-66.03573262792834,23503.17264564838
8.496263082338907e-05,0.00017664422362078896
15.321857493566032,0.10444962566241042
-0.0015064408430079373,-0.08475366224824102
-0.029927827141211887,-0.056541423883701834
0.00010269369659285182,0.2353021754143212
-0.09002571011311555,4.512559890081313
0.05761618471316897,0.007766226323804873
66.77692047449332,0.5285749789488207
-0.2018743904934171,-3738.9535393617853
-0.595678705966173,0.014036290273533683
549.7780748255113,-108.34767469925228
3195.7776957331803,-46.69423831888378
7569.634700891174,3043.1868745417837
-0.00022068837005416456,0.0014757217279299639
0.011418517214331472,-0.007495057012585113
-23566.92071001836,0.057140742915062784
1.805780727378613,0.00017492511071868334
-152.1204921824907,-7.60094721866857
-33.81874599532267,-0.007376334236130727
0.008422313029654571,2553.4915988841126
0.0003027907945441944,-0.6605664156239801
-0.0006010955575034996,13.404282396951302
0.00010083597095054511,139.12719533684492
-2726.237408046294,-391.88206557128194
0.0006570841086981785,6.27800586554409e-05
-0.00019832182033794688,1.3895464687695842
-0.0644257892753666,26955.251403773385
6.116408735226438,-0.4433992525674707
4.662468693242818,2589.1778023061006
-3.2017763625746074,0.0036011977660539386
0.000211465959043728,946.0839084862827
-10514.525503578621,-0.23078008373335362
15217.423615010699,-0.586911920620443
-0.10293634042254565,0.013872299827416579
-0.32508050037377045,-0.00022444164357395316
-0.00011241042091081658,0.028506002261069315
0.09517729679426862,5.025478682358793
-3.384308151946413,0.00028620534837886307
76.22620965072389,0.023481020193629642
10.726674280674324,-0.09481338270302095
-0.17976119636272614,-166.94118614265278
-17064.48460066619,-11.546501246491758
99.77456563582278,3.0661599846886305
66.29246614858297,0.0008462548686864324
-2141.634260324581,-0.012390700763776595
-214.35637780096798,-40.67400941631159
15975.323695706194,-2044.9156877171627
1.8496800083973373,-171.12509728927435
50.471868148293794,0.02160260893257546
1189.139105107961,-1675.1566947167844
0.010076500036441956,1676.8945811965336
169.19300581343703,-16.266465791319305
0.0014603274351937222,-0.0006865764466649426
-169.5890224500324,16857.848405183082
-0.0008152627338545294,577.4932764592979
-1.738981773480051,0.9941379300132054
-0.09646389761070101,0.0006774739003420527
-367.1169358816677,0.0006113987888965086
0.023737382356783257,-28574.980385125626
5.055354194055759,0.00023506932474246756
-0.5287710584479556,0.0001127829452494156
-1756.976263861256,0.00041986243454056197
2.1002492811212794,-0.002124434114229492
-16.660511888183162,-42.24846933302852
0.0001964622014905325,-204.83961728886808
-21239.636104413028,0.0065221783017136515
21591.585565346955,392.2813468165621
-0.0015554169286401869,0.0001842152244566645
-2.85929350855665,-0.013804680230173724
-209.1017003593554,224.31403823691974
939.4544948704049,-3372.628529589296
-462.32090912921956,-0.0009529028704053438
0.5691750580029704,2703.772104805768
-0.00046705165713641794,-0.0016272944252127765
11563.579144587224,-186.4795395760468
-0.018568414063736674,-30.70645446478828
10.735373807080006,3.2509314592592027
-5273.421822056671,-16.171359674964673
-1146.4017778362304,-1.9273049219132505
-0.026428193221639487,-43.63366314170595
0.008335975072599486,-0.004879839344469089
0.09060825968414932,10847.622495078464
0.0032178760160443826,-360.14380554807747
-100.51976465554614,0.1834461665245013
-3.220195352964365,-0.00036983833809247247
118.24212096208252,-252.31066759464812
-63.11893841982137,0.009045460771110844
143.83031615752608,-30814.85709129193
-0.0031299649135415786,0.5249119683466852
-0.00017465846013546966,19.727327843253423
0.02561485875965517,0.9313662911607697
-1114.1244668643308,-0.09875630029442006
-7.422546771308704e-05,10681.8193788768
3113.087982210219,-11906.25832546574
-17.847519649306506,-0.017207130346747264
-0.23987526539030282,14880.397517550435
-0.0003831486262980712,-4.145857119353659
988.5347216178197,-0.00011948723409206232
-32533.498581645294,29.92699552192998
30.548194817263578,89.75392989888302
-1.109742360499403,224.684153143377
-118.77554606790022,6827.213753723365
-1.0327331625883285,-793.8909678961439
0.19694910758928547,0.003297743532589747
0.019303424956785307,-458.09093996198715
-113.30720634932027,0.007721927761632361
1.1126789103713057,-1.2677420236231856
935.2793439955171,-27.75967783367082
-12.547697405780887,0.9024648396881008
-0.00011506873437680614,-3601.3582281000436
-0.07610515634031913,-0.0001314041795111418
23.935314320967834,-0.8317266653166739
-0.0015447176508235605,-0.005506348858504249
0.01216214454449124,-0.002280998239727913
0.9067994963213104,215.31328489920475
-2899.6434615804,-0.02180528410171558
0.19232085618111558,-204.43029274504653
1.9591331102475527,28460.65661023025
498.05212712361515,-1558.2818993445758
-25.948043761697626,-0.0001642857990823692
24.18931811461809,-847.412943756585
-329.65205689167686,-0.00044203298809030746
0.00503657614735587,-0.004117995410904759
0.0039017745745728956,-0.16798159428610895
-0.0005567128512558078,-0.0036013767596510273
624.0846085379162,0.0121090033537073
5.109221493848166,0.060586747265333765
-0.004687348548742907,0.005678288008924512
256.760231169931,-282.5292998593844
-32088.68977098233,1094.0233300235643
0.0034015942253345097,-8.143095255760475e-05
-78.75195402338812,0.022566231558726536
-14795.023305857136,0.000921710439997816
0.0043173647459384835,-9.739545240444604e-05
12.584781420771165,22.88703444891888
0.003472360642174663,-7.50107284229499
0.06774143890489825,0.0009640338047172041
0.07295631860910942,25119.0452056036
-289.6726446167587,-655.6501566118707
0.0018808910856821697,0.003528282961312036
2.463984490181535,0.00020770758457751404
103.83541250353817,0.0023662972600737566
4949.241508885353,242.80617995642152
-0.00010571724865228799,-101.94565302209512
-1102.1851589595303,-501.7983645487279
0.12511087056002823,-0.12022567878659816
15.036908424809651,338.5694408700665
507.5315099822167,-1168.7587257932707
7326.884032806631,0.10530835912690201
70.42313719902108,67.51429990788631
35.04100523042705,-4270.36581968004
90.1056987501643,0.0007709610040805114
0.4956354718125723,-0.21080766769817277
34.2774209479286,23892.198068242076
12585.188977861299,-0.00024067803791270043
-339.72293812651003,-830.4361052596079
-0.0012324831094868934,-0.000979580366596181
-0.007411543640121245,-0.0034787985988404277
0.6954960842136044,-0.07376631857934673
0.14854312908361814,28.426770232572984
0.014331028421377338,0.013318901289959403
-2942.085233747945,-0.008758669909907927
14701.49752030094,5.612051889918487
10228.682880590537,-0.00033325441103104097
-122.14850471208595,5492.600202571231
17981.995033217907,-0.6284812782938258
-0.046907127759610576,-1027.5453410723073
-0.009139796217777475,3.372498500011501
24.735244253725746,0.01862200409669658
-0.00048405689668183535,21036.960527323143
30.658177474068466,3724.650095286428
-4.195945752934232,0.0034218641224943755
-0.003593887173171269,0.0036494263920075275
24418.32096192077,-495.1577426047391
-24580.224414037966,0.010802516541036433
0.3261753381948763,94.29558836790437
4.222075680026586,-1.4070296191693494
-0.002530069194274117,189.29100430610993
15047.350402895076,0.003341308559162089
-9.877761734776154,-0.004071394629337303
-331.8951417727902,0.023554584901395732
5773.688615189263,0.28814875674842866
-99.7971117140934,127.04556736749277
22556.61176052747,0.06429350241884721
13591.066819509258,0.00013416483535525647
-0.00024392699979471807,-0.0004992617877120113
0.0038246945272450124,-4087.866828326719
-0.19317266054224913,-22652.166272866612
-0.0014985419310870642,147.4123397194175
-226.1063705737359,20.547220122627568
-27676.492746226424,-0.0026154547159053234
0.2415209923938887,18.666221227954097
0.09548596220213836,-0.36221729144892667
0.011778774797411028,0.5017291946049947
12958.12725553049,8.589521179001608e-05
-0.00019323368762214999,-140.80219538250893
0.011574159242588452,4033.6509190226
-0.7689969001223966,-1247.9004203946583
-6.943821828618658e-05,-847.596340696237
-0.6189766263833354,-5214.860885552717
0.0005921815906603752,-0.03201509950135444
-0.24837655280625515,-0.6083387995575573
-0.5592347655133086,-0.3946080976987185
0.0015241384659584328,3494.277480750453
0.00309226395848387,0.022456930094096834
686.9779092527808,0.18396616089195636
-0.0015019778136888618,-0.20447195945489804
-6.378132138604193e-05,22.087674263872046
0.03169410364186182,4.867915003480226
-2.3211762137508005,729.1606872599194
-0.003725223746901849,16034.574737673855
-205.77299290078534,0.0002411509650842965
-0.0004940146348986374,-0.004358065672900482
-44.49159650809401,0.06359043578174725
-0.027943668379136845,404.6056807184822
-2545.2236876517572,-0.02180435711693146
471.55430356110037,33.43347989575584
0.029102300388762777,1179.6689160246453
0.0004655006833939456,0.0005397661177808426
-3383.750826383829,-708.3482488535285
-960.7200769204529,25.35021894481686
-0.00045567390601314827,280.21893206448175
127.68392834966647,0.0014695238170669023
-0.00043068373497530974,0.0035800675692740126
2129.855963633365,-0.007555357025753376
0.00020715974400756573,-14320.675358080227
-138.41619780270673,54.67463154692983
-169.31793014575845,6.668043813848821e-05
-109.90225937110597,-0.19614849690105335
0.7499479137492535,31.34512096536084
1.0454338196740776,-0.11233972783754004
-1951.8180690408221,5.551779716944726
-6.136036150453951,10952.935439397306
0.2029560927334897,-102.94342051311031
-1.7228106374366656,-217.15340200426135
3.1211567689252577,0.0002734976090471268
-0.44372365794692703,0.027798424509300368
9.393731039299045,3.188302020769999
0.14446392343657916,-1551.2475183582092
227.16034396677622,-61.91239131055677
51.72594906464481,-118.2406826577907
7.749851832801902e-05,5859.8464217582305
-306.0234622235639,1739.1663114714067
0.0038170839406696626,-10.273799359928532
-42.33389532435865,14820.081781684208
-19.121613274433834,-7.172662743479538
-0.0018558815919693635,-0.0009225406045226159
-2.7275168047870406,-0.00015041357680490306
-61.4148264119508,-124.41590909922326
-0.04990627306586119,0.01358176593076178
0.19006253534418954,0.0021026891876389084
0.08719597715422295,-0.0012488607467798511
-0.0027310003253337156,0.7859488680166553
-0.4124811294413867,-0.006664380562382529
-0.0001256513728203582,-72.26632496381428
-310.27261462147953,5.776934309544738
-0.0474798585892572,-0.030683175664190376
-865.2920142614339,-0.0009066989735401659
21110.55015487184,0.0065849429405755045
-2.7344365036617444,-113.8493296485473
-0.00787263772264116,-0.0005260901349980054
12601.117714154707,-0.0007784724089739533
7.406085044160145e-05,-0.0037400501647691835
295.0439285144826,-14.65508520455767
-0.05696504354417474,14169.024329892793
1205.428957180864,-0.10907892237514527
0.00023267480465251523,-0.45051065184782
-0.0008188677877114291,0.1967554291304724
-0.05825072734096039,0.047670024811165064
0.006824614778669783,1.1704761142148494
-0.0012823307642016793,0.014560075005176256
-6868.473529577095,1.852950382033303
0.16389938414654506,-4765.971373889168
-0.12284337103190161,1.7136819084023502
6.801400908121186e-05,-4778.196429254011
0.04920760569065745,188.91354351207642
387.3917088901212,-0.004251326916802817
-0.0008221555057727225,-0.007507098401944136
-1.3897378086202261,0.01670530514953176
3351.8108782286026,0.001336636461195677
0.0029760301788344136,-6.330742478306464
0.0026231552186297743,-0.09228677404366827
1.627817066338797,0.003238026888923227
2402.814551612005,-0.0071831842178617985
-12.514768841029134,0.0005292157029072522
-26.582938663667903,382.03689323497747
-3373.1169194730783,4.128139000789771
-6.534982293735494e-05,0.00014728120420037005
3.7344633409936865,-0.0009713131152228698
-0.013444528437860138,0.00034175545469636233
0.2701146123498119,0.01726081081875621
0.0002946870331794523,0.8786854066239521
203.0244290136821,0.023843830954243153
0.0015191091168632368,-0.00041951244988696127
0.0002012900685866674,-0.127299120264639
453.455310454312,-0.4760786189554368
0.9332722411680128,7143.848011879638
0.24469002944277152,15.13591538109637
-0.0013729655560501437,0.2446068186400789
0.16854454695035412,406.0007965197396
3639.8810031500834,0.005525679768640675
360.07770174807325,0.2504890728757232
0.022060128436254843,0.009490077962823838
-146.04632663031728,0.2690047778875293
-13206.836673447224,-59.72282032031238
-0.0005816778981332365,12482.701386550218
0.11542571799442833,0.13731384364826457
112.43027479783736,-7.838796608645433
0.003635769038977884,403.354266885307
132.89869691505518,18.337215874270584
864.9947311931517,0.2000653135793036
1945.3114211494544,-0.16557671297133333
-0.01945844644416432,0.0007479457930033438
-0.05112163275782976,-1.519887329492769
0.004872601215006836,229.70708106717296
-1.4804306482580403,0.030099089351599592
0.0004289580489166144,0.010698460342419825
159.56746854920803,-1597.2868674392485
-0.02395517574778216,-1657.9049276436592
-7.724326998840162,0.00048488326664170044
1293.7830755494153,-10047.437666292959
39.717821107390506,0.00018782897144125146
1.6254416609562239,-0.10611597843681309
-0.0010635717354218841,-0.23289733281800162
15784.701582908418,6.501967560581269e-05
0.00012196928484687,-63.797013239787695
0.19487100018252856,3629.7812993483294
-4.252960046039926,98.63571582590669
0.06573334724890376,-4586.067109662672
-12.187355160362568,-0.001098128500224083
0.41057375209796654,0.024391739019621154
-0.00039754447076943635,-10396.23009789938
0.0001943035757900722,-0.024534378236537
32163.42210664785,-0.002100445929327688
0.4253904593915087,-30.351114902012487
108.95078212791657,12.878955282244123
0.00015339733093953532,-2492.9286951492477
-1.9835222685576581,-786.5563633100951
-21242.90833417034,-0.052430668233708455
778.2881258241139,-211.42450743934765
-0.04831090446537659,61.26182061151799
0.007215448938851721,-31536.397574972318
593.1441864744056,-1547.2648344762156
0.00046904640549515897,0.6794902448716182
0.0029449087744617105,-0.0063578414860963285
229.3626925984247,0.0005468300006783982
-670.7654357579809,0.027738361713863624
-0.006740709348679908,-631.2549815337081
942.3256103170393,0.023841470910090964
448.0355016231794,48.140809553088474
-1533.4563163344287,-0.003471771948475596
2.743360794272175,0.5782980800766672
1516.771568647875,0.0001675626921225121
181.86646118337688,12506.249439454201
0.7577675809889974,420.9021211925759
0.0016834171680230876,-47.06200083759849
-3.499403697475953,-0.011015984220980575
0.00034341115739840915,-0.032976360777487036
-0.01673866192820491,-1774.93130959764
0.12614141992617114,0.05415777185347384
-26425.813553816253,-1007.6316912113434
0.5441115581059958,-525.6652196780717
9219.673353482234,-9.715764351483816
-0.008658301888188556,-0.3407491630207855
503.8500357671819,0.00011707270123026905
2.8873678111886942,53.543530515221
24.955762329070602,28.97309463283417
10887.109366681307,-0.007556087728671801
0.01492757295771389,0.009624287094904191
-165.90076186116823,0.5600754561865764
-0.00014105685543110266,111.68227966287577
16938.563292495586,557.2673428458324
0.00010311849672284406,-0.09221747765813848
1.7872060785104553,94.94998346752008
0.004184009679176362,-1010.7416730648063
14.560112393221747,0.09695487323801867
0.005371473497541888,1.8377018462217496
-5429.942485694624,-251.358247994134
-104.14342120513288,39.286753332049145
0.00012178142394635066,0.29958525496389554
0.012424185521253142,5.364424641440918
-0.005923117719011257,-11.483499086418052
-0.0855291434727418,1.431096661261745
21.69021391428062,910.5741555892789
20884.79004569056,0.00332787441922591
560.5638549800515,-0.003039247349396113
-0.010971271123110766,14.55373751945121
0.003126512413265198,-0.0004932499818160274
1.8827905493074026,0.00897138752083748
-0.0005479322513888883,0.026771916615359017
0.0004134371435859049,45.12957768605395
-0.7051840073965371,-1799.9008924759728
113.43431522116022,4387.6001946209235
-0.0072081838138830685,-268.2402004388945
5053.752037697435,2688.8636736660264
23027.857664613883,-0.004307323317554998
-0.08751985990329114,-23000.642766282024
-17120.209518318545,-7.226869791345423
0.0006183684122537682,-20.25205233628837
-1826.5609741304875,0.04993615206497558
714.7757230113443,-0.0004110726808720668
0.006529968349513348,0.07638191667390898
-19419.902528425162,0.0011215395200168598
-0.0007083386603908866,0.10863358125072267
0.00032204974345457723,0.06186729903858221
-0.13589829711860588,15362.269214029602
933.172061370127,0.16839180185717822
0.8822157566750083,-472.70267867360235
529.245800790575,1.5126848601295537
30.680775245622705,-1.8759742792018674
-0.06329924069770095,6446.560640469499
27.089090916107487,2.1728193285544304
-0.027496103036452745,10.69961806609281
0.0013212219751051928,0.00013670055889242219
-8.908681665823478e-05,24745.682331931966
482.5613554634716,0.010239787077004929
0.0007537071752968057,-3322.497714399409
0.2932185231272292,3.235211684354846
-14595.416136795931,115.45161532918385
-0.030540352490402354,28.527679543910317
-0.8662905381846544,-0.0007087147667439631
0.0014122276915493012,2.1044475646842873
-0.7242129906267383,-1.5684146440923374
-2528.807025047635,0.0043129768632721435
0.010526592687483483,-7270.448595180554
-0.001836050584293215,12598.959131854772
-0.016257789140923618,0.0010158294134756283
-6337.834162203895,-1610.6422757402734
-3184.5683014148517,-5093.858231494703
0.49223583513601765,0.003438551901900939
0.0009198000774848187,58.95633997419361
12.911082539878919,-0.003170462200838008
-0.010590383977720979,-0.0007846030993170721
0.059685615362019134,-0.0034526679596203224
-0.460426200795992,-134.85831831589837
-1086.5505392594368,-49.98454814988486
-0.005948163854605037,2487.7456324798163
-29940.523580878915,-0.02642664833374167
22145.726904735708,-223.9945474318555
77.92557825910542,0.05637772933699899
-258.3672497077064,0.02364522808590179
0.00012231836381328034,10.482829891583183
-6.198840984682571,-0.00037604721555903017
2810.923487771271,-29.50244249559153
10942.260486221872,-841.3523496547639
-0.8283804223928808,23.450579865381833
0.0008139965621979095,-0.41521539697228926
1450.3778793317829,-0.6525000249472783
0.5610309339623751,-0.004754369363820914
23567.633249910843,7.121334870782041
387.5901194149527,-0.00022255687276216216
4318.32538400169,606.5130310507366
-0.005078972909872588,-31339.172773222217
-20804.058026429455,5.250210332549408
9529.41620555846,-876.8698500095292
0.015009514568655052,-20.539148908775392
0.08965573676621247,-6585.833317601819
-24.43015181718095,9990.53573818074
-50.57697919655658,-2582.8436552909766
-0.5710459025438221,-849.948195438739
0.1424012172634173,0.0001182022998966732
0.02701670168714245,-3966.730908820976
-5847.530198155399,-4.652527234856333
-33.32753355088357,2907.180532207036
-1521.5896422935111,0.0003734667115088629
-899.395505690442,-0.0001061097097435281
-18448.9794848662,-0.0016068819890940659
534.0852560953433,-1977.513139370946
-5.0475101416922445,0.00045779565255831304
7194.877516442248,-1.3381119404778423
-8918.636832455446,176.05790170358603
-3.6056215651904977,715.0046806156126
4695.79186548369,-17.861490764642966
7134.563905557972,0.0028381935300342805
315.6177362725598,7.301218847642529e-05
-62.006292500785584,1.2628664108698209
0.0001387768219078311,-113.46998068575162
9.224799954877575,-0.42944700149619064
-28468.414983461073,119.77452904901696
20974.942670579352,0.1531139373989893
-18190.027478444666,-0.16839326872181387
0.05060099483076117,-0.003578266812864514
750.8808588469119,14.85725575606071
-2.8494785392861433,-0.011097031464653677
0.02310736261928189,0.006246028323399301
1.3449133010133052,0.013528645348107892
-0.549545050207614,-286.94478418167705
5.205971190503865,3995.464980279549
0.00031564688308970986,2177.7467114381143
-0.603344482279148,-0.00020562939866058762
-0.040719700187881666,-508.5820933800346
-0.04061221907377612,100.7400131072688
-42.570741883372705,707.4302134957921
47.944285347858376,2296.88473909018
-4717.440550236817,-0.00041110703603451946
-10339.792195690921,8387.268180413925
72.02721745745089,-0.021356266020690143
-0.0067503556665719075,-27457.479565185546
30481.894275082945,-0.05000382798938148
0.02984864054340674,8.527497906704122
-301.7593611756229,0.001365162614995806
0.19061721461308906,-0.005759874157555523
-0.0017009514529548807,-0.031168537897685346
0.028887279899448455,-0.0006103351899523592
-0.0001337705265592733,0.0009067716381100895
-0.0237112289076844,-0.0001436993808012022
20833.06445303907,0.0004235358125967332
6529.5891296015125,0.205654779511808
7.090364386545249e-05,398.4383727654531
0.0004886110521193242,-0.05728658834024712
4.325706379056724,102.24218469078808
-0.70922546156408,-0.21381386640943123
819.9313085926149,26.49170460568383
0.0002003461076977501,7.741982003619478e-05
-0.00043331647692899944,0.1064903946966759
-1.6393102130505497,-0.18932152499263966
0.30943872524189475,-0.0188547213336898
-713.2741188512464,9.985470589991705e-05
7615.184167923411,-0.3596081818952538
1889.3688062855094,0.00015839910792259275
0.028248862425475606,-0.017379095012800425
0.0001330443064529394,-8.712809843860846e-05
16435.838008999417,8.247786571616065e-05
3.175376957909262,0.0015217560037986916
-524.4371244709163,5.80383934028414
23393.015846906703,-10727.47504382001
0.026616568556529455,66.42759087875186
0.09751951202626119,-0.2767759217359145
-3.514162959540436,24.202784916602212
61.968366457205,4063.8928775839177
0.015090498549614941,-7.6246400493939674
0.04102297529202109,32.45738232994552
0.1330093719376919,1672.8393290178715
-60.43087525572865,2.0523284280775433
0.02472421731339445,-3.555776459352706
8.595508709495221e-05,-0.09932177407739931
-0.0001921608793498781,50.551743447902474
-0.0006243820207312757,-0.0005736782627293309
-42.51893532175139,-542.0224386971249
-953.7718560108299,-107.1582294203626
-25.33693850021085,-99.61800419005937
0.00020903162996381477,0.03026661458494792
-0.05872155708911758,-0.0007942826655605704
0.00015098307651475285,79.9713399007576
-305.3929763120151,-0.48448935585647523
-16.146711220721674,9.045514992396186
-0.10646172666800516,-0.03056764894023938
-0.010118284859470847,9346.8181118906
-0.0003378420439258857,-0.5393062527785462
-0.03647265040388343,-4468.781005169985
2244.6281518224755,-1.5252661530543499
-161.47179997305346,253.73027560586712
0.034305805418571006,0.1341440476666274
0.007323029436137447,-0.02889272402206859
0.10170991969121897,2035.986181459221
-0.003854646384388702,2.0001199248062127
0.0006581996048259333,65.55505762465137
-22927.19069795756,-29271.87421853951
31.11754749382391,-352.54948460555727
0.0001777768706758339,-0.00016487983990922452
-1.314857970793261,0.19641659009652734
-0.003273043230929051,-0.021201148578735507
4035.7950868796725,-13.955066529308223
0.017837137107806704,0.0006031693070737906
0.0008507781394785617,76.59016677906487
3.4405077972676343,0.03869349368190936
7.226775638394337,-55.6261928900374
-0.0002872071065928598,-0.0018698441137193146
19.168698220744716,0.00021545019483892928
841.5241467121627,-0.0016921337035965367
-635.0112752291711,-758.0039205505907
0.0007707187081996994,0.02053306518740057
-6.629700336426112,0.05953727452483578
1013.8419024612992,-0.00653809167009913
-2071.3946679525225,3.1065809520177377
-679.4948713711706,0.12673715624769238
0.03701018068878296,-2096.7203094581705
-4.030015904013032,12359.009921487836
0.020554336627262616,0.009195521955670558
-23.8989005952671,8657.731679694882
0.2131462826950989,-5.392675993804017
0.0005743829081928163,0.08080763608973146
-0.005402677666193641,-3.0547974044874024
5226.356164709974,259.40786995276557
0.013219596655999168,0.010688686540551155
1562.7303829840025,290.7883828878971
0.028088414121109108,0.0007484014920577517
-53.02809438228153,1.1340945344524545
-1897.273583324175,-8.297086143277042
-27840.356494118634,-0.010217735583187209
24304.514841898184,5.853168757060214
-0.00251310152575758,26.715646591993277
0.000473497961487266,0.0005441988955123031
31.48607122424349,-2630.932797638044
-325.1561542933291,0.004140392691985085
-1269.9052846888112,-196.88771091614944
-0.19470554662877093,15091.317805735125
-3.7869221255333447,-0.0002625472342722698
-0.0004317456224129639,-0.1342627921385517
-0.013538029306658456,198.27829905028887
2.519799570075719,-1.1545065627774007
96.41048439102232,-0.10090794862852373
13.986090475152904,0.302523232126709
-22.153169890715127,-7582.375110694163
8.472947009754979e-05,8.394647595561018
-0.22196749198195626,-9.510433966432998
-246.15560513242565,-0.04352986220025964
11233.598739684476,0.69347184637705
-0.06921519861105026,7574.016601269615
-0.6047791303273714,0.05232669113039415
-0.00020596922201648952,0.055173611285694105
-0.012136000608472919,14898.788218450823
-0.0034011687843814808,0.003345310152133794
0.10941059735984754,-246.80135005891964
166.5108975155788,25636.14178971658
-0.6242336730655634,0.03440940066044136
-1245.5630996239174,1056.00526307953
1.6764264403731963,-0.0003015138581058854
87.4073875412603,-0.516610166388298
1648.4798877630888,5.203004031890921
0.0017734244254140863,-0.05621083185261066
-0.003734768773203164,0.00017684345873707116
50.05040641388207,1229.3775628209455
0.0500040082987825,8337.315093548463
-0.0004366679996623679,-0.019863800632709254
-7.532907355529291,1.8516807806036533
-28605.340815443706,0.03477891212965667
-0.00293391175042685,81.23857659869678
-0.00053264024539069,3.7344396803755213
0.04434352402457325,8822.159865470541
-0.00011149340528681488,2735.1308739942842
0.00014560070597895256,-0.00018300621634324366
-0.10705629243340575,-0.0076494294088487545
-2035.610965953773,0.0005169679501512083
-0.0006569083010266018,-1.410945014490522
2758.8091716597974,77.5784371489453
0.5469269466614484,-1.2797974409143151
-32724.8966907678,45.430642767863574
-7829.422435451343,15413.243740594484
1056.4378181889244,0.000191100143152694
-7.364292101520181,-0.0078053212754165616
-0.0002570075079749877,-0.014369121597640382
138.2591571728638,-0.0005962744511085068
0.06916625070252273,-36.36237738773078
-31.413046075798597,0.028581687668345877
0.3681255550607627,1.8157024182009678
-7134.43798991199,0.848185010125138
-12217.012157768262,-0.0015033500520129743
-3087.8799250594184,193.4101902964572
-0.005925160372789234,-255.8536551519829
0.0039388543123711145,35.52689037170387
58.870986338418724,-3161.2410186376997
-9037.98135885764,-54.050262655633695
0.0004427913224823433,589.2388969452154
-15411.615064338988,13326.823807964909
-423.06908173219597,0.0006313771684715371
2725.6293699649023,947.7298005302459
30.67722323486672,0.12173215355764333
115.32464034120491,-30.713268283254315
-414.8661671996733,1146.3446726485763
-0.34479390104813856,-15814.480361274625
0.010537029532282104,0.030072970666994082
0.002643647706347403,1.409673270204323
-10395.522951362691,93.81113254362694
18.888899737861355,136.46311478163767
-0.00017512365423914966,-434.68691120524085
5.310387067623465,-1.8968412103624992
-198.98388650791674,-4361.535831060255
-21.13743084705221,-1833.1374312040666
6.205499745011035e-05,-114.93322376290088
-3.130943506905031,4311.706319997843
-0.009188803712719719,9.524924331957061e-05
-98.68776956998511,-0.0002575747455537015
317.79386562036063,-192.44072811324241
145.41537253509267,0.0027792180282185212
0.010675310583760686,-0.016617580494673587
-0.0007004878356283778,-2784.839749270285
1.3034855350190724,0.00024830283273243444
-4.366511258524223,-20.572970501797677
0.00912556303625876,212.38651754900775
0.04666857454323911,-0.19074820803234
-32233.0609015629,-29.390957607291302
0.1733307622064733,0.030285316399428983
0.0031623036645712487,12.154772175377886
-0.004604204949941749,-0.010197290460134479
5.098307375044293,0.0023390215945203957
150.53737895202795,-0.585649678520205
6.081685716482932,-130.79173589528824
1532.2439357652897,7467.02909924869
-0.0007752645258489422,3.3287219319807746
86.0309898527176,-0.10902434926921248
-0.0013757723378500968,2.3980885326233823
0.014794030261595353,-15965.553888931703
-0.0022223533227158938,-2.242075472690649
27464.756844474912,-477.1591379871486
-727.9833826884051,0.026449393838181658
-0.12907754887052164,-0.023755219651051086
-0.00011535226258020185,-1.494713475071786
-26733.464099961966,0.13426301183862133
0.20412292330537807,-0.27627453010319175
-7963.122943521146,-0.003262668120968944
-2.4701206162898144,0.4057102724533942
17.368182383152025,-0.00015397181108261105
-0.008743237566313879,-0.9894868471617597
0.2056874535447259,-0.7049558222969667
535.906433374062,6.394474808585714
-4833.701128138436,-20.932361413527754
3382.5024180913115,-369.1319743987809
-8294.814641574209,-1.602524381053183
-18.55254417022328,0.0011596157457897968
1.8237377293557493,-61.465577673976696
-0.03506557120113524,4975.897114146086
0.008926165132597932,-0.2008343662837945
-0.001397069144534551,-10.393653307648906
-90.4201473703431,-0.014863208886433846
-3811.807599456033,-0.3318653710215383
0.001619341055212574,990.419519538976
1863.1241619851844,-60.99750448263979
0.7981210630916526,4992.129531606861
-0.19459027090571637,9366.426704446087
-0.00017313474352447845,-21.557509315218113
0.3990672077495248,7322.721408199806
17.369004702116477,13.748565781783391
1345.16536299379,0.001503804092671444
-23.425315070500602,-1.885606745476527
-0.006391509394420139,0.0006757664287768757
0.0037683777337811763,-12272.710190772821
-181.42347506419821,-411.6184656803612
0.00035388419188967613,-2566.8747171706664
3.671774499316443,-14.440959015903516
-9.334337324699643,1703.878507574139
75.98123992204225,9.915773723037539
24055.839365668162,-0.003198913466722831
-186.76635930185097,33.06328894564821
0.8074861930994357,-0.0005482279650923878
2542.14336493695,3989.691991344911
-0.005230496662943384,-13235.482767231568
-0.0016911958465685001,-28.0989631818734
-541.6456664432776,-29.337815619371533
114.87872205960198,0.0032601381236236505
-0.03187642537254246,0.17339484125780058
-385.57245691502084,-0.0030353495770147785
123.7140457500539,-0.1288637092910338
1216.719996569485,-687.6966670949023
-175.26377675233496,15673.095964242271
0.007252574021207147,-7820.563661255075
0.996567356549652,7.468650120999177e-05
-21.218036556810222,-6788.902487171814
0.26981419200839435,-0.0019075139813207306
-756.8636255992035,-0.02023877165014562
-7843.507140544019,-39.856479651036594
-235.68784896998008,-0.003101795349851566
-0.0022404969747652917,19327.723379912793
0.0003173780517878094,7.838281223188326e-05
30609.23427957023,-2027.7078508764525
23698.564531734235,1057.6321744476181
25.57785989010417,-0.06205856660777264
-17.437051678801247,-0.0009456454149354781
-5.670575616176052,299.7081915377455
1110.0142178119536,0.05112547419884664
-156.80350289985378,-0.014637840459477237
-113.5857007576345,-0.760716097746555
0.4984905312065708,0.028773627175591752
0.056335692337516396,-10.290822356405782
-402.5998033819599,9.979851061399154
0.0006287306313232573,-23.787633230258074
-0.0003741790434101899,-0.030330252920771114
54.6558348134412,-23.313110937791997
30.21222716217676,-0.8715848520534653
-1.8600234267913112,-0.0005088636955610566
-860.2649288142884,94.86598850500533
-0.09054237889350075,-14.521180848181302
-8886.378017204079,4566.935162271959
-28962.909167830258,-398.5436976903296
0.015335290245255772,-0.027770999667922285
42.6428712267154,-2.4596134199591138
-11.881114052897951,-9771.485350767389
8674.329755940667,-0.009543955465049162
-0.015669515311506337,-55.9347949411882
-13425.777647775718,0.32729488342455326
3.1749523899363004,0.011158055104350448
0.00014695405759783782,-0.0001161492991126674
-0.19048689988400958,-1.2503497371972698
-1.4425529625408828,-496.6831553559003
28500.349793475096,0.32415425722775276
-0.007037008461987081,0.00014538803756011955
0.0008437677624916361,0.05863840173676036
-2879.3474887751327,11.72666076479199
10.946011015920622,-0.0001548413066045353
0.021204824363254184,60.873143536391154
-0.02110929432634003,0.22310484023791602
244.33518254566798,6175.856695946924
2.7065698491648282,0.00010225083984456669
28641.877594243953,-0.000343233177685356
4693.770515609271,43.12093401661013
17.6772412654547,0.0009476973896512502
14.17517203984243,-0.1620798537580007
12406.132612205967,-0.9681077526907469
11049.288364625249,607.2845151753135
-2744.418710961201,-0.19257206678589806
0.026508986448238663,74.72564734030547
-0.005912135147182751,100.22481225634314
199.09875375138978,0.0005684635851323654
0.0028781767775515723,0.5932929181791673
0.2022053254826815,-3925.241809361678
0.038958290792334135,-1114.538923652284
-0.13866109544813804,0.009711054348767642
-1.8970025853135621,-13.563379197104576
3.3864836671360337,-6.224641053226331
-0.0003509212630703095,10545.398189529553
-0.00041946269694703644,-301.11859367507816
0.00018703541887114304,-21908.166842123002
17536.280805631508,-13.859195868733016
1.1561550535451963,67.53784038313097
-486.15584480697976,-0.019724186358047333
-28.17777123548774,0.05067200427630599
0.009808582797710949,0.00028261277438782547
1.9858539548336394,10.879725604239445
-0.03944851181198383,0.00022326147568083846
1277.0240612395596,1.1244902421753737
0.001205319485716478,-0.813155317502213
48.224219789695184,-0.007996457466038245
0.00023042464475376488,-13844.411297524643
163.33051669747385,-0.42660837390300343
-2.1274445007743634,-0.001830928962499376
-0.6217538140471768,-13875.892792201988
1368.9029469312577,0.009230153185253148
13.88055931885517,-36.44108157414222
248.92719472316395,-10.78554055136779
1.7878214053595438,0.3440723305201472
-1.3013769806106867,-0.02293451244536006
-0.7021230017902308,-4.022077528808991
-0.3377227707114281,-3555.3824543245873
-0.027338149115343366,0.055981189518910277
-5670.02114298551,0.00048720603408164073
-40.27204104065511,0.0017983212472274853
0.026921769091360556,0.00042939119964073634
-0.028527991325170178,-243.34677093803646
1.3329704146463937,-0.011405524497487978
0.01387913742930345,-0.005016097373766678
-0.00017684978565495063,0.041657547576124124
-0.6563151106973399,-0.012097885644172447
-4.457684306699548,0.013079664533818685
0.011970570197608681,-0.00017006450686322906
-10023.19883951478,6594.7766632246185
0.7081572875870111,2.4430324134853167
-0.0025880235152774553,-403.9043760889533
166.6725529298892,0.00024327135227657194
-254.8563911430836,39.103254624239185
0.20981761768656076,253.22359472725825
0.0071686243148902234,-9380.521847142241
-14.010919881556104,1.2093493642001838
-0.08610495184391903,0.0001516737631856049
-9.244317412045067e-05,-1.9203167453445
0.0007174758520403417,83.95012906953191
0.0001450649674223535,0.00018789915512335638
-8796.28129555349,-0.00021612119005004658
3.922448833568322,-286.9965032903277
-0.3015620699596943,6497.525906499702
672.630161301151,0.01559324386437373
924.5849389836142,1866.8813568185558
-7.030209468714684,0.00021482648498857674
-0.737831756519735,-0.0003320393657488615
11.501681560547379,-0.003106632698488366
0.0003090795709912895,498.48728981083855
6524.54030415104,-0.022673625731389885
0.5546110678179081,3971.206346072909
-219.67881336727228,1.3689974692114815
-0.0004327321845650935,-0.0004302097585900222
2043.461577598383,-0.06607368255350818
-18242.71908212317,596.8814160966326
-34.449711096531836,0.4096483867047808
-0.10647255299371318,0.027007386619039977
-0.00010181059768310993,0.03928641437810283
-5.025894081838217,328.1465217952187
-3.9245538660734542,-1.1913100181263505
-5912.4275587122465,0.0870430105249625
3.395382224877358,41.884802005397304
-10773.122736692007,45.81356577983419
12.289862587249248,-0.6799455518568911
41.1759257740539,0.7542282499420924
8.911589900069504,-0.0030716841592808687
-0.10164239371879383,-0.013983051776371951
10.772534168249408,-0.0005187651612107869
1779.3181383004105,498.9549525961346
0.7900166584340296,-59.871473634295675
0.16319981495180808,32365.566778242115
-0.0017403453315923147,0.03476390263769971
1.435354036731387,0.0003933329942411763
0.002623676801903682,0.0003984544086603621
0.0014394763371998118,12.008021453603295
-1346.7862116868832,42.15996763114866
0.40730765040801864,-722.9115344613798
0.0007153513248840066,3253.006401023505
-0.00023491391768111247,0.2239854388525625
-47.19139346678766,8163.166873873677
8.464223341191854,-1019.8139065684508
21.53768251282949,-875.1233469557301
0.09533449405291085,-27087.894215159464
-511.5554858507278,-0.0011178707204684958
0.002925708560278781,-0.005112610608892143
-0.030237999266209032,-0.009351806117839994
5.767208206058585,3.9426055746803903
-136.46998606979685,-83.96104440178146
-0.0012059141696081801,-611.9690311000309
-0.001230662555982121,114.90499460219523
-1.8900631764587088,-0.5961308080267591
-0.000408364358955858,3.167122551799667
-0.002760593808847767,-1764.5876955187427
466.92016121081156,-239.03423039353981
-0.01101882852141433,0.00014926883384425383
0.00547479601108072,-0.030828261098713356
-0.026118770299469032,-0.15970633883732555
0.007258340952270464,-0.027684686313231413
0.16654660460826676,0.8312829350799875
0.06665591925341613,0.2313122942524999
-227.8266991598427,9.514029508180365e-05
-516.3306314762478,-2.2258149988872056
915.1917412461819,0.1494000467947464
-10914.983273458804,-0.16315873796587277
897.5556393974593,42.20965008962099
7437.788536712205,-0.018254221947248492
-42.14113934759689,0.639431933298553
295.9363512808933,1.6197927110460257
127.60146151081244,8.095418935624735
0.04696064868817132,0.001939436461636872
478.35335798637766,-0.001461269502954794
9.52855696982851,13.177880444597978
5.6245540144133255,0.0009097341590768275
15.284185863328378,13407.147240757859
-27778.055780641742,0.00037214312091861894
-0.00014915586045875627,113.14776877640287
6.824535873195986,-0.09794764072111464
-0.006707229158077688,-0.010502578681847648
-0.7782220342754727,-28.152312459472576
13.277537726644166,-100.8241632009294
0.00013907902381701727,0.041092281943108815
-9.972242604827532,-0.3099506798204222
0.00021300127387528247,0.005124348279424066
0.0002564983458109553,0.06748725567139932
-14.090915671868554,-0.026767070594437697
6.984324674018478,9.01638468718471
-7.630837425930019e-05,-5201.091520588972
31.300857773881948,96.10453252852032
-5.732592953756069,0.8100953851528991
-7.415201780985737e-05,-0.000785100500416197
0.28280729896339807,0.0008795478714044723
9.166046095436677e-05,-0.027529552234581908
28.31623075451751,-11819.709474119914
